{"stats":{"minecraft:killed_by":{"minecraft:skeleton":1},"minecraft:mined":{"minecraft:grass_block":6,"minecraft:oak_log":3,"minecraft:oak_leaves":1},"minecraft:picked_up":{"minecraft:oak_log":3,"minecraft:dirt":6},"minecraft:used":{"minecraft:dirt":6},"minecraft:custom":{"minecraft:jump":64,"minecraft:time_since_rest":898,"minecraft:damage_dealt":10,"minecraft:walk_one_cm":43273,"minecraft:damage_taken":475,"minecraft:leave_game":2,"minecraft:play_one_minute":11379,"minecraft:sprint_one_cm":12824,"minecraft:time_since_death":3297,"minecraft:deaths":1,"minecraft:fall_one_cm":1976,"minecraft:fly_one_cm":4910}},"DataVersion":2586}