{"stats":{"minecraft:killed_by":{"minecraft:zombie":1,"minecraft:skeleton":1},"minecraft:crafted":{"minecraft:oak_planks":4,"minecraft:crafting_table":1},"minecraft:mined":{"minecraft:grass_block":6,"minecraft:oak_log":6,"minecraft:oak_leaves":4},"minecraft:picked_up":{"minecraft:oak_log":6,"minecraft:oak_sapling":1,"minecraft:dirt":6},"minecraft:used":{"minecraft:dirt":6},"minecraft:custom":{"minecraft:jump":110,"minecraft:time_since_rest":6163,"minecraft:damage_dealt":10,"minecraft:walk_one_cm":60915,"minecraft:damage_taken":520,"minecraft:leave_game":3,"minecraft:play_one_minute":18899,"minecraft:sprint_one_cm":25228,"minecraft:time_since_death":7378,"minecraft:deaths":2,"minecraft:fall_one_cm":2454,"minecraft:fly_one_cm":9748}},"DataVersion":2586}