{"stats":{"minecraft:picked_up":{"minecraft:oak_log":3,"minecraft:dirt":6},"minecraft:used":{"minecraft:dirt":6},"minecraft:custom":{"minecraft:jump":58,"minecraft:time_since_rest":1,"minecraft:deaths":1,"minecraft:damage_dealt":10,"minecraft:play_one_minute":9816,"minecraft:leave_game":2,"minecraft:sprint_one_cm":12824,"minecraft:damage_taken":250,"minecraft:time_since_death":1734,"minecraft:walk_one_cm":41657,"minecraft:fall_one_cm":1767,"minecraft:fly_one_cm":4409},"minecraft:killed_by":{"minecraft:skeleton":1},"minecraft:mined":{"minecraft:oak_log":3,"minecraft:grass_block":6,"minecraft:oak_leaves":1}},"DataVersion":2586}