{"stats":{"minecraft:picked_up":{"minecraft:pumpkin":1,"minecraft:spruce_log":1,"minecraft:mutton":2,"minecraft:white_wool":1,"minecraft:dirt":1},"minecraft:mined":{"minecraft:grass_block":1,"minecraft:spruce_log":1,"minecraft:pumpkin":1},"minecraft:killed":{"minecraft:sheep":1},"minecraft:custom":{"minecraft:time_since_rest":1156,"minecraft:play_one_minute":8882,"minecraft:sprint_one_cm":21475,"minecraft:walk_one_cm":22614,"minecraft:damage_taken":360,"minecraft:deaths":1,"minecraft:mob_kills":1,"minecraft:jump":116,"minecraft:damage_dealt":78,"minecraft:leave_game":1,"minecraft:time_since_death":1123,"minecraft:walk_on_water_one_cm":679,"minecraft:fall_one_cm":5324,"minecraft:fly_one_cm":10077},"minecraft:used":{"minecraft:dirt":1,"minecraft:pumpkin":1,"minecraft:spruce_log":1}},"DataVersion":2586}